name,src,status,sec,quads,tris,ngons,verts,faces,note
filletslot,tests/fixtures/filletslot.step,ok,0.05,28,0,2,56,,
slitdrill,tests/fixtures/slitdrill.step,exit1,0.05,62,0,5,127,,16  revolution-grid   structure: faces=16 structured=16 planned-floor=0 failed-floor=0 raw=0 empty=0 retention=1.0000   density-matched edges: 43: #1=1 #2=1 #3=1 #4=1 #5=18 #6=1 #7=1 #8=1 #9=1 #10=1 #11=1 #12=1 #13=16 #1
canrev,tests/fixtures/canrev.step,exit1,2.29,0,65536,3,32904,," 1 polygons, 65536 slivers (< 5.0 deg)   chord deviation: max 0.0685085, mean 0.0585691 (64512 polygons sampled)   face #1   contract-floor   face #2   minimal-ngon   face #3   minimal-ngon   face #4   contract-floor   f"
hairline,tests/fixtures/hairline.step,ok,0.04,113,0,2,134,,
microedge,tests/fixtures/microedge.step,ok,0.04,5,0,2,10,,
demo,tests/fixtures/demo.step,exit1,1.40,319,63488,14,32440,,1 #53=5 #54=1 #55=1 #56=18 #57=18 #58=5 #59=7 #60=32 #61=5 #62=1 #63=1 #64=1 #65=1 #66=18 #67=1 #68=1 #69=1 #70=1 #71=18 #72=1 #73=1 #74=18 #75=18 #76=1 #77=13 #78=1 #79=13 #80=1 #81=18 #82=1 #83=18 #84=1 #85=4 #86=1 #87
angle1,tests/STEP_Examples/angle1.stp,exit1,0.06,89,0,6,186,,5  minimal-ngon   structure: faces=15 structured=15 planned-floor=0 failed-floor=0 raw=0 empty=0 retention=1.0000   density-matched edges: 43: #1=18 #2=1 #3=18 #4=18 #5=1 #6=1 #7=1 #8=1 #9=1 #10=1 #11=1 #12=1 #13=1 #14=1
4pinplug,tests/STEP_Examples/4pinplug.stp,exit1,0.08,295,0,15,524,,#36=1 #37=1 #38=4 #39=4 #40=1 #41=1 #42=1 #43=1 #44=2 #45=2 #46=1 #47=1 #48=1 #49=1 #50=4 #51=4 #52=1 #53=1 #54=1 #55=1 #56=1 #57=1 #58=1 #59=1 #60=1 #61=18 #62=18 #63=1 #64=18 #65=1 #66=18 #67=18 #68=1 #69=18 #70=1 #71=
as1_pe,tests/STEP_Examples/as1_pe.stp,exit1,0.17,1718,0,38,2668,, #106=1 #107=56 #108=1 #109=1 #110=1 #111=56 #112=56 #113=1 #114=1 #115=1 #116=56 #117=1 #118=1 #119=1 #120=56 #121=1 #122=1 #123=1 #124=56 #125=1 #126=56 #127=69 #128=1 #129=69 #130=56 #131=1 #132=56 #133=69 #134=1 #135
Holes,tests/STEP_Examples/Holes.stp,exit1,0.77,1496,65577,5,35278,,2=1 #33=1 #34=1 #35=10 #36=1 #37=1 #38=1 #39=22 #40=39 #41=32 #42=25 #43=34 #44=25 #45=20 #46=34 #47=47 #48=25 #49=47 #50=47 #51=34 #52=34 #53=25 #54=34 #55=25 #56=34 #57=47 #58=47 #59=47 #60=34 #61=47 #62=13 #63=1 #64=1
iso14649-demo,tests/STEP_Examples/iso14649-demo.stp,exit1,0.29,4663,0,31,7515,,=1 #295=89 #296=1 #297=1 #298=56 #299=1 #300=56 #301=1 #302=89 #303=69 #304=1 #305=69 #306=1 #307=1 #308=1 #309=1 #310=16 #311=20 #312=1 #313=20 #314=21 #315=13 #316=20 #317=1 #318=20 #319=25 #320=1 #321=1 #322=1 #323=25
mohne,tests/STEP_Examples/mohne.stp,exit1,0.34,1128,2,50,2406,,468=5 #469=5 #470=1 #471=1 #472=1 #473=1 #474=1 #475=1 #476=1 #477=18 #478=18 #479=18 #480=9 #481=1 #482=9 #483=18 #484=1 #485=18 #486=1 #487=19 #488=1 #489=9 #490=1 #491=10 #492=19 #493=1 #494=1 #495=18 #496=18 #497=18 
nasty_cheese,tests/STEP_Examples/nasty_cheese.stp,exit1,1.48,3591,44,46,7758,,1322=1 #1323=1 #1324=7 #1325=1 #1326=1 #1327=7 #1328=7 #1329=1 #1330=4 #1331=4 #1332=4 #1333=4 #1334=18 #1335=1 #1336=7 #1337=1 #1338=1 #1339=1 #1340=1 #1341=1 #1342=7 #1343=1 #1344=1 #1345=1 #1346=7 #1347=1 #1348=1 #134
foam,tests/STEP_Examples/foam.stp,exit1,6.39,4118,253056,135,142459,,#1997=2 #1998=1 #1999=1 #2000=1 #2001=6 #2002=1 #2003=7 #2004=7 #2005=1 #2006=1 #2007=1 #2008=1 #2009=6 #2010=1 #2011=1 #2012=1 #2013=6 #2014=3 #2015=1 #2016=1 #2017=5 #2018=1 #2019=1 #2020=1 #2021=5 #2022=1 #2023=1 #202
flaregun,tests/STEP_Examples/flaregun.stp,exit1,19.72,2239,1608900,51,811753,,773=1 #774=5 #775=5 #776=1 #777=5 #778=5 #779=1 #780=1 #781=1 #782=2 #783=1 #784=2 #785=1 #786=1 #787=1 #788=5 #789=1 #790=5 #791=5 #792=1 #793=5 #794=1 #795=1 #796=1 #797=1 #798=32 #799=1 #800=1 #801=2 #802=8 #803=8 #80
fillet_capsule_iso_band,tests/regressions/mp9/fillet_capsule_iso_band.step,exit1,0.77,16,35662,36,18897,, #232=5 #233=1 #234=1 #235=1 #236=2 #237=4 #238=1 #239=1 #240=1 #241=2 #242=1 #243=2 #244=1 #245=2 #246=1 #247=2 #248=1 #249=2 #250=1 #251=2 #252=1 #253=1 #254=1 #255=1 #256=1 #257=1 #258=1 #259=1 #260=1 #261=5 #262=5 #2
sphere_dimple,tests/regressions/mp9/sphere_dimple.step,exit1,0.03,63,18,0,82,,"ce isn't closed there; 0 are unexplained cracks)   winding:        consistent (0 conflicting edge pairs)   degenerate:     0 polygons, 0 slivers (< 5.0 deg)   chord deviation: max 0.0582279, mean 0.0442377 (80 polygons s"
grip_freeform_panels,tests/regressions/mp9/grip_freeform_panels.step,exit1,0.17,0,7016,4,4035,,iled-floor=0 raw=0 empty=0 retention=1.0000   density-matched edges: 56: #1=1 #2=5 #3=1 #4=1 #5=1 #6=5 #7=1 #8=5 #9=1 #10=1 #11=1 #12=5 #13=1 #14=1 #15=1 #16=5 #17=1 #18=1 #19=1 #20=5 #21=1 #22=5 #23=1 #24=1 #25=1 #26=5 
cylinder_wall_drum_span,tests/regressions/mp9/cylinder_wall_drum_span.step,exit1,0.06,16,0,1,52,,inimal-ngon   face #2   revolution-grid   face #3   minimal-ngon   face #4   revolution-grid   face #5   revolution-grid   structure: faces=5 structured=5 planned-floor=0 failed-floor=0 raw=0 empty=0 retention=1.0000   d
muzzle_column_cells,tests/regressions/mp9/muzzle_column_cells.step,exit1,0.30,54,7370,1,4091,,#49=5 #50=1 #51=5 #52=5 #53=1 #54=1 #55=1 #56=1 #57=1 #58=1 #59=5 #60=5 #61=1 #62=5 #63=5 #64=1 #65=1 #66=1 #67=1 #68=1 #69=1 #70=5 #71=5 #72=1 #73=5 #74=5 #75=1 #76=1 #77=13 #78=1 #79=1 #80=1 #81=5 #82=1 #83=1 #84=1 #85
bullet_tip_3728,tests/regressions/mp9/bullet_tip_3728.step,exit1,0.33,45,16384,2,8304,,"cting edge pairs)   degenerate:     1 polygons, 16384 slivers (< 5.0 deg)   chord deviation: max 0.0840854, mean 0.0663049 (15404 polygons sampled)   face #1   minimal-ngon   face #2   contract-floor   face #3   revoluti"
chamfer_level_rims,tests/regressions/mp9/chamfer_level_rims.step,exit1,0.10,37,0,1,94,,"licting edge pairs)   degenerate:     1 polygons, 0 slivers (< 5.0 deg)   chord deviation: max 0.0807468, mean 0.0757001 (16 polygons sampled)   face #1   minimal-ngon   face #2   revolution-grid   face #3   revolution-g"
fillet_fullperiod_r1,tests/regressions/foam/fillet_fullperiod_r1.step,exit1,0.04,152,0,1,242,,"ge pairs)   degenerate:     0 polygons, 0 slivers (< 5.0 deg)   chord deviation: max 0.196042, mean 0.150797 (147 polygons sampled)   face #1   revolution-grid   face #2   revolution-grid   face #3   minimal-ngon   struc"
teleporter_planar_ngon_r1,tests/regressions/release/teleporter_planar_ngon_r1.step,exit1,0.38,50,39576,5,20544,,1 #15=1 #16=5 #17=1 #18=5 #19=1 #20=5 #21=1 #22=5 #23=1 #24=1 #25=1 #26=1 #27=1 #28=1 #29=1 #30=1 #31=5 #32=1 #33=1 #34=5 #35=1 #36=5 #37=1 #38=1 #39=5 #40=8 #41=1 #42=8 #43=8 #44=8 #45=1 #46=18 #47=1 #48=1 #49=8 #50=1 #
